City_ID,City,Country,Date,Lat,Lng,Max Temp,Humidity,Cloudiness,Wind Speed
0,Nizhniy Kuranakh,RU,2020-08-27 21:02:33,58.84,125.49,38.59,79,0,1.77
1,Bredasdorp,ZA,2020-08-27 20:58:43,-34.53,20.04,55.4,87,46,5.82
2,Busselton,AU,2020-08-27 20:58:29,-33.65,115.33,46.0,84,0,5.08
3,Pevek,RU,2020-08-27 21:02:34,69.7,170.31,38.8,90,0,2.82
4,Syracuse,IT,2020-08-27 21:02:34,37.09,15.28,81.0,83,3,2.24
5,Chokurdakh,RU,2020-08-27 21:02:34,70.63,147.92,37.53,85,100,8.43
6,Pasighat,IN,2020-08-27 21:02:34,28.07,95.33,76.03,83,3,2.82
7,Martapura,ID,2020-08-27 20:59:49,-3.42,114.85,73.4,94,40,1.12
8,Hermanus,ZA,2020-08-27 20:59:33,-34.42,19.23,54.0,92,71,7.0
9,Mehamn,NO,2020-08-27 21:02:34,71.04,27.85,44.6,75,40,16.11
10,Cap-Aux-Meules,CA,2020-08-27 21:02:34,47.38,-61.86,59.0,67,75,29.97
11,Barrow,US,2020-08-27 20:58:58,71.29,-156.79,37.4,93,90,18.34
12,Tasiilaq,GL,2020-08-27 21:02:34,65.61,-37.64,37.4,86,98,8.05
13,Rikitea,PF,2020-08-27 21:02:34,-23.12,-134.97,68.0,61,0,2.33
14,Sabha,LY,2020-08-27 21:02:35,27.04,14.43,85.5,23,0,10.18
15,Ponta Do Sol,PT,2020-08-27 21:02:35,32.67,-17.1,79.0,61,20,21.92
16,Mataura,NZ,2020-08-27 21:02:35,-46.19,168.86,45.0,72,53,11.01
17,Roros,NO,2020-08-27 21:02:35,62.57,11.38,35.6,100,100,2.24
18,Rawson,AR,2020-08-27 21:01:17,-43.3,-65.1,61.38,32,0,17.63
19,Teguise,ES,2020-08-27 21:02:35,29.06,-13.56,82.4,54,0,23.04
20,Port Alfred,ZA,2020-08-27 20:58:35,-33.59,26.89,60.1,71,0,14.67
21,Lagoa,PT,2020-08-27 21:00:15,39.05,-27.98,74.44,89,100,2.8
22,Korla,CN,2020-08-27 21:02:35,41.76,86.15,75.0,89,100,1.99
23,Kodiak,US,2020-08-27 20:58:56,57.79,-152.41,53.6,81,90,8.05
24,Kapaa,US,2020-08-27 21:02:35,22.08,-159.32,82.4,69,40,11.41
25,Nemuro,JP,2020-08-27 21:02:35,43.32,145.57,66.4,99,96,6.67
26,Muana,BR,2020-08-27 21:02:36,-1.53,-49.22,84.56,71,81,4.27
27,Qaanaaq,GL,2020-08-27 20:58:38,77.48,-69.36,38.95,87,100,11.36
28,Clyde River,CA,2020-08-27 20:58:36,70.47,-68.59,55.4,54,75,6.93
29,Aripuana,BR,2020-08-27 21:02:36,-9.17,-60.63,92.77,38,42,2.86
30,Olafsvik,IS,2020-08-27 20:59:40,64.89,-23.71,51.76,80,100,11.95
31,Praia Da Vitoria,PT,2020-08-27 20:59:25,38.73,-27.07,77.0,78,40,2.35
32,Parabel,RU,2020-08-27 21:02:36,58.7,81.48,48.45,91,13,5.88
33,Chuy,UY,2020-08-27 20:59:10,-33.7,-53.46,58.17,98,100,6.17
34,Karasjok,NO,2020-08-27 21:02:36,69.47,25.51,46.4,70,20,25.28
35,Provideniya,RU,2020-08-27 20:59:22,64.38,-173.3,50.0,87,90,4.47
36,Mahebourg,MU,2020-08-27 21:02:36,-20.41,57.7,71.6,83,75,10.29
37,Cabo San Lucas,MX,2020-08-27 20:59:29,22.89,-109.91,90.0,59,20,10.29
38,Butaritari,KI,2020-08-27 20:59:28,3.07,172.79,82.53,68,100,9.78
39,Jiujiang,CN,2020-08-27 21:02:36,29.73,115.98,74.52,82,37,2.86
40,Acajutla,SV,2020-08-27 20:59:33,13.59,-89.83,78.8,88,20,2.24
41,Upernavik,GL,2020-08-27 20:59:01,72.79,-56.15,43.9,68,83,7.81
42,East London,ZA,2020-08-27 20:58:56,-33.02,27.91,62.96,77,0,5.57
43,Bengkulu,ID,2020-08-27 20:59:22,-3.8,102.27,75.18,82,39,4.09
44,Souillac,MU,2020-08-27 21:00:05,-20.52,57.52,71.6,83,75,10.29
45,Jamestown,US,2020-08-27 21:02:37,42.1,-79.24,80.6,69,40,21.92
46,Saint George,US,2020-08-27 21:02:37,37.1,-113.58,104.0,14,1,8.05
47,Vaini,TO,2020-08-27 20:58:57,-21.2,-175.2,75.2,78,20,6.93
48,Gondanglegi,ID,2020-08-27 21:02:37,-7.75,112.01,72.01,86,62,7.0
49,Constitucion,CL,2020-08-27 21:02:37,-35.33,-72.42,52.43,65,11,6.04
50,Georgetown,MY,2020-08-27 21:00:18,5.41,100.34,80.6,88,20,3.36
51,Albany,US,2020-08-27 20:58:59,42.6,-73.97,64.99,94,100,4.85
52,Coquimbo,CL,2020-08-27 20:58:59,-29.95,-71.34,57.2,71,40,13.87
53,Tuktoyaktuk,CA,2020-08-27 20:59:01,69.45,-133.04,44.6,70,75,12.75
54,Lebu,CL,2020-08-27 20:58:54,-37.62,-73.65,50.99,86,100,11.23
55,Gat,IL,2020-08-27 20:59:38,31.61,34.76,78.01,33,0,2.95
56,Ushuaia,AR,2020-08-27 21:02:38,-54.8,-68.3,37.4,59,75,19.46
57,Sitka,US,2020-08-27 21:02:38,57.05,-135.33,59.0,62,90,10.29
58,Ribeira Grande,PT,2020-08-27 21:02:38,38.52,-28.7,75.2,94,75,3.36
59,Saint-Philippe,RE,2020-08-27 20:59:32,-21.36,55.77,69.8,60,35,5.82
60,Torbay,CA,2020-08-27 21:02:38,47.67,-52.73,64.0,59,75,17.22
61,Grand Gaube,MU,2020-08-27 20:59:38,-20.01,57.66,69.01,79,89,4.0
62,Marzuq,YE,2020-08-27 21:02:38,14.4,46.47,84.87,44,48,4.09
63,Hilo,US,2020-08-27 21:02:38,19.73,-155.09,84.2,58,40,8.05
64,Narsaq,GL,2020-08-27 20:59:37,60.92,-46.05,49.51,61,100,3.65
65,Kilindoni,TZ,2020-08-27 21:02:38,-7.91,39.67,76.15,78,11,9.35
66,Hobyo,SO,2020-08-27 21:02:38,5.35,48.53,76.24,82,95,26.57
67,Ayolas,PY,2020-08-27 21:02:39,-27.4,-56.9,83.84,55,0,5.53
68,Pemangkat,ID,2020-08-27 21:02:39,1.17,108.97,78.17,85,100,5.48
69,Kaitangata,NZ,2020-08-27 20:59:00,-46.28,169.85,42.01,85,57,4.0
70,Mar Del Plata,AR,2020-08-27 21:02:39,-38.0,-57.56,66.2,37,0,8.05
71,Odweyne,SO,2020-08-27 21:02:39,9.41,45.06,78.04,53,100,15.39
72,At-Bashi,KG,2020-08-27 21:02:39,41.17,75.81,47.12,62,37,1.41
73,Nikolskoye,RU,2020-08-27 20:58:33,59.7,30.79,53.6,93,90,4.47
74,Palana,RU,2020-08-27 21:02:39,59.12,159.97,46.92,76,95,5.37
75,Carnarvon,AU,2020-08-27 20:58:27,-24.87,113.63,64.4,100,92,6.93
76,Bambous Virieux,MU,2020-08-27 21:02:39,-20.34,57.76,71.6,83,75,10.29
77,Ada,US,2020-08-27 21:02:39,43.42,-116.13,84.99,28,1,8.05
78,Xixiang,CN,2020-08-27 21:02:40,35.16,112.86,77.0,99,0,2.75
79,Alofi,NU,2020-08-27 20:59:55,-19.06,-169.92,75.2,69,75,8.05
80,Dillon,US,2020-08-27 21:02:40,34.42,-79.37,93.0,62,40,8.05
81,Khatanga,RU,2020-08-27 20:59:35,71.97,102.5,54.43,79,87,5.23
82,Aksay,RU,2020-08-27 21:02:40,47.26,39.87,69.8,60,70,4.47
83,Kruisfontein,ZA,2020-08-27 21:00:15,-34.0,24.73,54.7,72,0,17.22
84,Basco,PH,2020-08-27 21:02:40,20.45,121.97,84.31,78,100,23.15
85,Jasper,US,2020-08-27 21:02:40,37.2,-94.35,81.0,69,1,6.93
86,Dikson,RU,2020-08-27 21:02:40,73.51,80.55,47.3,85,3,11.9
87,Hofn,IS,2020-08-27 21:02:41,64.25,-15.21,49.35,83,5,4.59
88,Victoria,HK,2020-08-27 21:01:38,22.29,114.16,82.4,83,20,3.36
89,Gao,ML,2020-08-27 21:02:41,16.64,1.64,87.84,45,10,15.3
90,Laguna,US,2020-08-27 20:59:38,38.42,-121.42,87.01,41,1,5.82
91,Isangel,VU,2020-08-27 21:02:41,-19.55,169.27,73.87,80,77,19.06
92,Carutapera,BR,2020-08-27 21:00:53,-1.2,-46.02,79.45,82,31,7.18
93,Laurel,US,2020-08-27 21:02:41,39.1,-76.85,91.4,49,1,9.17
94,Garoua,CM,2020-08-27 21:02:41,9.3,13.4,77.0,88,51,3.36
95,Puerto Ayora,EC,2020-08-27 20:58:55,-0.74,-90.35,77.0,57,83,26.4
96,Hobart,AU,2020-08-27 21:02:05,-42.88,147.33,48.2,57,40,14.99
97,Benguela,AO,2020-08-27 21:02:41,-12.58,13.41,68.58,80,85,2.8
98,Conway,US,2020-08-27 21:00:26,35.09,-92.44,75.2,100,75,23.04
99,Mareeba,AU,2020-08-27 21:02:42,-17.0,145.43,71.6,68,90,13.87
100,Saurimo,AO,2020-08-27 21:02:42,-9.66,20.39,70.7,73,94,4.83
101,Mamou,GN,2020-08-27 21:02:42,10.5,-12.0,68.58,94,61,3.0
102,Vila Velha,BR,2020-08-27 20:59:12,-20.33,-40.29,75.0,78,40,10.29
103,Sayansk,RU,2020-08-27 21:02:42,54.11,102.16,51.69,96,100,4.74
104,La Tuque,CA,2020-08-27 21:00:08,47.43,-72.78,66.02,45,0,7.4
105,Avarua,CK,2020-08-27 20:59:01,-21.21,-159.78,77.0,57,58,12.75
106,Maroantsetra,MG,2020-08-27 21:02:42,-15.43,49.73,67.68,83,20,1.23
107,Faanui,PF,2020-08-27 21:00:28,-16.48,-151.75,77.68,79,4,15.99
108,Yellowknife,CA,2020-08-27 21:02:42,62.46,-114.35,60.8,72,75,17.22
109,Mopti,ML,2020-08-27 21:02:42,14.67,-4.0,82.15,67,90,3.49
110,Huarmey,PE,2020-08-27 21:00:08,-10.07,-78.15,67.46,68,15,10.09
111,Port Elizabeth,ZA,2020-08-27 21:02:43,-33.92,25.57,59.0,72,0,18.34
112,Urucara,BR,2020-08-27 21:02:43,-2.54,-57.76,94.03,42,100,1.48
113,Yerbogachen,RU,2020-08-27 21:02:43,61.28,108.01,44.94,72,68,5.7
114,New Norfolk,AU,2020-08-27 21:02:43,-42.78,147.06,46.99,80,35,3.0
115,Beringovskiy,RU,2020-08-27 21:02:43,63.05,179.32,51.75,80,77,5.44
116,Komsomolskiy,UZ,2020-08-27 20:59:38,40.43,71.72,66.2,82,0,2.64
117,Bethel,US,2020-08-27 21:02:43,41.37,-73.41,87.8,48,75,9.17
118,Masterton,NZ,2020-08-27 21:02:43,-40.96,175.66,46.99,92,17,5.01
119,Awjilah,LY,2020-08-27 21:02:43,29.11,21.29,77.49,66,0,14.58
120,Pochutla,MX,2020-08-27 21:02:43,15.74,-96.47,86.0,66,90,23.04
121,Codrington,AU,2020-08-27 20:59:05,-38.27,141.97,42.73,88,0,7.61
122,Makat,KZ,2020-08-27 21:02:44,47.65,53.35,79.0,21,6,7.63
123,Novyy Urengoy,RU,2020-08-27 21:02:44,66.08,76.63,53.47,79,0,4.0
124,Ararangua,BR,2020-08-27 21:02:44,-28.93,-49.49,68.92,72,0,3.65
125,Comodoro Rivadavia,AR,2020-08-27 21:01:24,-45.87,-67.5,57.2,41,40,14.99
126,Belyy,RU,2020-08-27 21:02:44,55.84,32.94,56.19,98,100,3.91
127,Ilulissat,GL,2020-08-27 20:59:33,69.22,-51.1,42.8,61,75,4.7
128,Yangambi,CD,2020-08-27 21:02:44,0.81,24.43,71.74,89,28,1.72
129,Diapaga,BF,2020-08-27 21:02:44,12.07,1.79,74.8,92,100,5.1
130,Saskylakh,RU,2020-08-27 21:02:44,71.92,114.08,49.51,71,60,1.32
131,Saldanha,ZA,2020-08-27 21:02:44,-33.01,17.94,57.2,76,85,3.36
132,Bogovarovo,RU,2020-08-27 21:02:44,58.98,47.02,53.17,94,93,1.99
133,Dzhebariki-Khaya,RU,2020-08-27 21:02:45,62.22,135.8,41.85,67,15,2.93
134,Cape Town,ZA,2020-08-27 21:02:02,-33.93,18.42,55.0,93,75,4.7
135,Minab,IR,2020-08-27 21:02:45,27.15,57.08,89.6,70,0,2.24
136,Trairi,BR,2020-08-27 20:59:29,-3.28,-39.27,78.35,73,0,14.36
137,Oriximina,BR,2020-08-27 21:02:45,-1.77,-55.87,92.37,44,65,1.07
138,Teseney,ER,2020-08-27 21:02:45,15.11,36.66,79.59,68,100,10.51
139,Leningradskiy,RU,2020-08-27 20:59:37,69.38,178.42,38.43,92,100,3.56
140,Lata,PT,2020-08-27 21:02:45,40.16,-8.33,70.0,86,15,5.99
141,Worcester,US,2020-08-27 21:02:45,42.33,-71.83,62.6,93,90,3.36
142,Nelson Bay,AU,2020-08-27 21:02:46,-32.72,152.15,53.6,58,0,14.99
143,Ugoofaaru,MV,2020-08-27 20:59:36,5.67,73.0,83.48,73,100,14.38
144,Belaya Gora,RU,2020-08-27 21:02:46,68.53,146.42,45.57,70,24,1.34
145,College,US,2020-08-27 21:00:11,64.86,-147.8,61.0,62,75,3.36
146,Christchurch,NZ,2020-08-27 21:02:46,-43.53,172.63,39.2,93,34,3.36
147,Havre-Saint-Pierre,CA,2020-08-27 21:02:46,50.23,-63.6,60.8,55,75,10.29
148,Hovd,MN,2020-08-27 20:59:43,48.01,91.64,55.38,40,100,2.62
149,Esperance,AU,2020-08-27 20:59:22,-33.87,121.9,53.6,76,0,18.34
150,Luangwa,ZM,2020-08-27 21:02:46,-15.62,30.42,72.16,47,0,3.58
151,Mahon,ES,2020-08-27 21:02:46,39.89,4.27,77.0,83,0,4.7
152,Ottawa,CA,2020-08-27 21:02:46,45.41,-75.7,62.6,72,90,4.7
153,Nhulunbuy,AU,2020-08-27 21:02:47,-12.23,136.77,75.2,64,4,12.75
154,Hay River,CA,2020-08-27 21:02:47,60.82,-115.8,57.2,100,90,11.41
155,Iquique,CL,2020-08-27 21:02:47,-20.22,-70.14,62.6,67,20,23.04
156,Minot,US,2020-08-27 21:00:31,48.23,-101.3,80.6,44,1,9.17
157,Yulara,AU,2020-08-27 21:00:00,-25.24,130.99,59.0,30,0,10.29
158,Kuala Pilah,MY,2020-08-27 21:02:47,2.74,102.25,80.01,94,20,1.52
159,Bandarbeyla,SO,2020-08-27 21:00:52,9.49,50.81,76.71,77,60,28.61
160,Davila,PH,2020-08-27 21:02:47,18.47,120.58,81.21,78,100,13.47
161,Namibe,AO,2020-08-27 20:59:28,-15.2,12.15,59.97,87,45,12.21
162,Iquitos,PE,2020-08-27 20:59:40,-3.75,-73.25,91.4,52,40,4.7
163,Grindavik,IS,2020-08-27 21:02:47,63.84,-22.43,50.0,81,75,12.75
164,Zaysan,KZ,2020-08-27 21:02:47,47.47,84.87,61.11,51,100,8.41
165,Kropotkin,RU,2020-08-27 21:02:48,45.44,40.58,67.28,73,68,7.92
166,The Pas,CA,2020-08-27 21:00:32,53.83,-101.25,73.4,43,75,10.29
167,Asau,RO,2020-08-27 21:02:48,46.43,26.4,68.0,60,75,4.7
168,Waingapu,ID,2020-08-27 21:01:22,-9.66,120.26,74.5,82,2,9.24
169,Nuristan,AF,2020-08-27 21:02:48,35.3,70.83,43.84,89,89,1.36
170,Saint Anthony,US,2020-08-27 20:58:47,45.02,-93.22,89.01,40,1,6.93
171,Iqaluit,CA,2020-08-27 20:59:20,63.75,-68.51,59.0,41,75,12.75
172,Aguie,NE,2020-08-27 21:02:48,13.51,7.78,88.18,45,91,2.64
173,Punta Arenas,CL,2020-08-27 20:58:58,-53.15,-70.92,35.6,74,75,34.45
174,Tahoua,NE,2020-08-27 21:02:48,14.89,5.27,78.8,94,20,4.7
175,Castanos,MX,2020-08-27 21:02:48,26.78,-101.42,102.99,37,75,6.93
176,Oksfjord,NO,2020-08-27 21:02:48,70.24,22.35,46.4,81,98,3.36
177,Yemelyanovo,RU,2020-08-27 20:59:21,56.17,92.68,50.0,93,35,2.44
178,Mahibadhoo,MV,2020-08-27 21:01:00,3.78,72.97,83.26,73,100,13.24
179,Sur,OM,2020-08-27 21:02:49,22.57,59.53,83.71,70,100,11.3
180,Brokopondo,SR,2020-08-27 21:02:49,4.75,-55.17,85.24,70,72,1.28
181,Beni Mazar,EG,2020-08-27 21:02:49,28.5,30.8,79.36,55,0,14.63
182,Erenhot,CN,2020-08-27 21:02:49,43.65,111.98,65.88,64,100,12.88
183,General Elizardo Aquino,PY,2020-08-27 21:02:49,-24.43,-56.7,86.22,42,0,6.17
184,La Palma,US,2020-08-27 20:59:21,33.85,-118.05,95.0,38,1,5.82
185,Sioux Lookout,CA,2020-08-27 20:59:31,50.1,-91.92,69.8,56,75,8.05
186,Chipinge,ZW,2020-08-27 21:02:49,-20.19,32.62,57.52,93,7,5.66
187,Klaksvik,FO,2020-08-27 21:02:49,62.23,-6.59,50.0,76,36,1.12
188,Port Hardy,CA,2020-08-27 20:59:12,50.7,-127.42,55.4,93,75,4.7
189,Kushmurun,KZ,2020-08-27 21:02:50,52.45,64.63,64.9,58,13,6.06
190,Khandagayty,RU,2020-08-27 21:02:50,50.73,92.05,52.57,70,100,8.03
191,Arraial Do Cabo,BR,2020-08-27 20:58:38,-22.97,-42.03,73.4,78,0,8.05
192,Ornskoldsvik,SE,2020-08-27 20:59:43,63.29,18.72,44.6,87,1,4.7
193,Geraldton,AU,2020-08-27 20:59:42,-28.77,114.6,50.0,93,0,10.29
194,Bombay,IN,2020-08-27 21:01:38,19.01,72.85,78.8,94,75,4.7
195,Hasaki,JP,2020-08-27 21:02:50,35.73,140.83,78.01,100,20,4.7
196,Babu,CN,2020-08-27 21:02:50,24.42,111.52,71.74,74,0,1.43
197,Nanortalik,GL,2020-08-27 21:02:50,60.14,-45.24,49.1,71,100,13.62
198,Asfi,MA,2020-08-27 21:02:50,32.3,-9.24,74.44,71,0,17.52
199,Farah,AF,2020-08-27 21:02:50,32.5,62.5,57.6,39,0,2.64
200,Whitehorse,CA,2020-08-27 20:59:47,60.72,-135.05,54.0,62,90,8.05
201,Panzhihua,CN,2020-08-27 21:02:51,26.59,101.71,71.64,79,100,1.48
202,Botro,CI,2020-08-27 21:02:51,7.85,-5.31,75.2,100,40,2.24
203,Dauriya,RU,2020-08-27 20:59:22,49.93,116.87,55.74,86,100,18.1
204,Byron Bay,AU,2020-08-27 20:58:23,-28.65,153.62,55.99,93,0,5.68
205,Itarema,BR,2020-08-27 20:59:51,-2.92,-39.92,78.3,75,21,18.32
206,Cidreira,BR,2020-08-27 20:59:29,-30.18,-50.21,64.36,73,4,5.48
207,Atambua,ID,2020-08-27 21:02:51,-9.11,124.89,68.32,73,0,3.42
208,Zhezkazgan,KZ,2020-08-27 21:02:51,47.8,67.71,68.34,49,0,5.57
209,Qaqortoq,GL,2020-08-27 21:02:51,60.72,-46.03,45.52,78,100,4.85
210,Airai,TL,2020-08-27 21:02:51,-8.93,125.41,58.37,66,0,4.45
211,Nizhniy Ingash,RU,2020-08-27 21:02:51,56.2,96.53,50.38,88,83,2.46
212,Yumen,CN,2020-08-27 21:02:51,40.28,97.2,59.52,30,45,13.2
213,Pangnirtung,CA,2020-08-27 20:58:53,66.15,-65.71,48.2,76,20,11.41
214,Weatherford,US,2020-08-27 21:02:52,32.76,-97.8,91.99,58,33,3.0
215,Tigil,RU,2020-08-27 21:02:52,57.8,158.67,47.25,86,100,5.03
216,Saint-Augustin,CA,2020-08-27 20:59:11,51.23,-58.65,53.47,86,100,16.11
217,Los Llanos De Aridane,ES,2020-08-27 21:02:52,28.66,-17.92,78.8,74,3,17.22
218,Kloulklubed,PW,2020-08-27 20:59:47,7.04,134.26,78.8,88,90,3.36
219,Fernandez,AR,2020-08-27 21:02:52,-27.92,-63.89,60.06,60,95,9.82
220,Edson,CA,2020-08-27 21:02:52,53.58,-116.44,66.2,34,1,16.11
221,Sao Joao Da Barra,BR,2020-08-27 20:59:55,-21.64,-41.05,75.2,73,75,9.17
222,Cherskiy,RU,2020-08-27 21:00:13,68.75,161.3,40.84,95,100,1.63
223,Poso,ID,2020-08-27 21:02:53,-1.4,120.75,77.49,70,89,5.97
224,Bluff,NZ,2020-08-27 20:58:35,-46.6,168.33,45.0,72,69,11.01
225,Marathon,US,2020-08-27 21:02:53,44.9,-89.77,88.0,45,20,4.7
226,Kununurra,AU,2020-08-27 20:59:35,-15.77,128.73,73.4,28,96,9.17
227,Hailar,CN,2020-08-27 21:02:51,49.2,119.7,55.62,69,100,12.35
228,Jumla,NP,2020-08-27 20:58:54,29.27,82.18,60.13,69,84,3.06
229,Qasigiannguit,GL,2020-08-27 21:02:53,68.82,-51.19,42.8,61,75,4.7
230,Norman Wells,CA,2020-08-27 21:02:53,65.28,-126.83,57.2,76,75,10.29
231,Acapulco,MX,2020-08-27 20:59:20,16.86,-99.89,80.6,78,75,6.93
232,San Cristobal,VE,2020-08-27 21:01:04,7.77,-72.22,91.4,49,40,14.99
233,Caravelas,BR,2020-08-27 21:00:01,-17.71,-39.25,71.92,83,0,7.94
234,Taltal,CL,2020-08-27 21:00:38,-25.4,-70.48,62.6,57,11,7.52
235,Bilibino,RU,2020-08-27 21:02:54,68.05,166.44,41.45,83,100,2.62
236,Young,UY,2020-08-27 21:02:54,-32.68,-57.63,57.99,92,100,3.0
237,Arriana,GR,2020-08-27 21:02:54,41.08,25.7,78.8,61,7,9.17
238,Agua Prieta,MX,2020-08-27 21:02:54,31.3,-109.57,98.01,16,0,3.0
239,Saint-Georges,GD,2020-08-27 21:00:06,12.06,-61.75,89.6,70,40,17.22
240,Dezhou,CN,2020-08-27 21:02:54,37.45,116.29,66.74,94,0,2.28
241,Westport,US,2020-08-27 20:59:28,41.14,-73.36,91.0,58,75,14.99
242,Kupang,ID,2020-08-27 20:57:55,-10.17,123.58,72.77,69,0,5.7
243,Kamenka,RU,2020-08-27 21:02:54,51.32,42.77,68.67,65,100,5.68
244,Khuzdar,PK,2020-08-27 21:02:54,27.74,66.64,77.49,69,37,2.06
245,Richards Bay,ZA,2020-08-27 21:02:54,-28.78,32.04,67.69,63,68,18.19
246,Kerman,IR,2020-08-27 21:02:54,30.28,57.08,71.6,22,20,2.24
247,Hjallerup,DK,2020-08-27 21:02:55,57.16,10.15,55.99,88,2,3.71
248,Flinders,AU,2020-08-27 20:59:05,-34.58,150.86,48.99,79,0,1.01
249,Abha,SA,2020-08-27 21:02:55,18.22,42.51,69.8,82,73,4.65
250,Oistins,BB,2020-08-27 20:59:26,13.07,-59.53,87.8,70,40,18.34
251,Goias,BR,2020-08-27 21:02:55,-15.58,-49.64,83.57,13,0,3.91
252,Vila Franca Do Campo,PT,2020-08-27 20:59:35,37.72,-25.43,75.2,88,20,6.93
253,Carmen Del Parana,PY,2020-08-27 21:02:55,-27.23,-56.22,93.2,40,40,5.82
254,Arlit,NE,2020-08-27 21:00:04,18.74,7.39,96.15,28,95,5.82
255,Hithadhoo,MV,2020-08-27 21:01:23,-0.6,73.08,82.42,63,100,2.37
256,Araouane,ML,2020-08-27 21:00:27,18.9,-3.53,99.82,21,2,8.63
257,Guerrero Negro,MX,2020-08-27 21:02:55,27.98,-114.06,89.91,45,0,13.42
258,Shingu,JP,2020-08-27 21:02:56,33.73,135.98,76.14,85,0,4.99
259,Svetlyy,RU,2020-08-27 21:02:56,54.67,20.13,61.0,82,75,8.95
260,Saryozek,KZ,2020-08-27 21:02:56,44.36,77.98,55.71,68,62,2.13
261,Pitanga,BR,2020-08-27 21:02:56,-24.76,-51.76,62.55,67,0,2.44
262,Mao,ES,2020-08-27 21:02:46,39.89,4.27,77.0,83,0,4.7
263,Vardo,NO,2020-08-27 20:58:57,70.37,31.11,44.6,75,40,20.8
264,Banjar,ID,2020-08-27 20:59:22,-8.19,114.97,78.8,100,40,9.17
265,Nisia Floresta,BR,2020-08-27 21:02:56,-6.09,-35.21,78.8,65,20,20.8
266,Atuona,PF,2020-08-27 21:02:56,-9.8,-139.03,78.93,74,48,20.45
267,Pietarsaari,FI,2020-08-27 21:02:56,63.65,22.68,55.0,100,3,2.24
268,Savalou,BJ,2020-08-27 21:02:56,7.93,1.98,74.53,91,100,5.95
269,Eyrarbakki,IS,2020-08-27 21:02:56,63.86,-21.15,50.0,81,75,16.11
270,Bac Lieu,VN,2020-08-27 21:02:57,9.29,105.72,80.26,85,100,9.17
271,Burnie,AU,2020-08-27 21:02:00,-41.07,145.92,50.0,64,10,8.01
272,Bilma,NE,2020-08-27 20:59:27,18.69,12.92,94.96,29,72,7.61
273,Shenjiamen,CN,2020-08-27 21:02:57,29.96,122.3,79.84,88,96,10.0
274,Tianpeng,CN,2020-08-27 21:02:57,30.99,103.94,81.0,52,46,3.33
275,Ancud,CL,2020-08-27 21:00:16,-41.87,-73.82,46.0,93,90,17.22
276,Yeniseysk,RU,2020-08-27 21:00:38,58.45,92.17,50.74,97,88,1.32
277,Yankton,US,2020-08-27 21:02:57,42.87,-97.4,93.99,52,1,8.05
278,San Rafael Del Sur,NI,2020-08-27 21:00:42,11.85,-86.44,80.76,83,92,9.19
279,Krasnoselkup,RU,2020-08-27 21:02:58,65.7,82.47,53.11,90,8,4.65
280,Biak,ID,2020-08-27 20:59:22,-0.91,122.88,75.81,82,94,7.87
281,Tura,IN,2020-08-27 21:02:58,25.52,90.22,74.41,89,27,6.04
282,Thinadhoo,MV,2020-08-27 21:02:58,0.53,72.93,82.49,70,100,9.37
283,La Ronge,CA,2020-08-27 21:00:21,55.1,-105.28,68.0,56,75,6.93
284,Suntar,RU,2020-08-27 21:02:58,62.14,117.63,42.84,64,1,3.38
285,Aswan,EG,2020-08-27 21:02:58,24.09,32.91,86.38,21,79,9.82
286,Salalah,OM,2020-08-27 20:59:09,17.02,54.09,77.0,94,90,4.7
287,Caraguatatuba,BR,2020-08-27 21:02:58,-23.63,-45.49,80.6,28,2,6.93
288,Faya,SA,2020-08-27 21:01:16,18.39,42.45,69.8,82,81,5.61
289,Sokoto,NG,2020-08-27 21:02:58,13.06,5.24,81.0,68,94,5.5
290,Riviere-Au-Renard,CA,2020-08-27 21:02:59,49.0,-64.4,60.8,59,40,14.99
291,Darhan,MN,2020-08-27 21:02:59,49.49,105.92,53.55,88,58,3.33
292,Huntsville,US,2020-08-27 21:02:09,34.73,-86.59,91.0,62,1,9.17
293,Cabedelo,BR,2020-08-27 21:02:59,-6.98,-34.83,77.0,69,20,14.99
294,Dingle,PH,2020-08-27 20:59:13,11.0,122.67,74.93,85,96,2.06
295,Yablonovo,RU,2020-08-27 21:02:59,50.85,37.36,64.4,68,75,6.71
296,Eureka,US,2020-08-27 21:02:50,40.8,-124.16,64.0,93,90,5.82
297,Buala,SB,2020-08-27 21:02:59,-8.14,159.59,81.86,79,100,11.61
298,Sal Rei,CV,2020-08-27 21:02:59,16.18,-22.92,80.6,78,75,8.05
299,Pangoa,PE,2020-08-27 21:02:59,-12.12,-73.0,85.91,46,1,4.09
300,Castro,BR,2020-08-27 20:58:55,-24.79,-50.01,61.48,71,0,3.51
301,Marsa Matruh,EG,2020-08-27 20:59:30,31.35,27.25,78.8,74,0,10.29
302,Fortuna,US,2020-08-27 21:03:00,40.6,-124.16,70.0,77,1,10.29
303,Doka,SD,2020-08-27 21:03:00,13.52,35.77,72.46,96,100,3.2
304,Malanville,BJ,2020-08-27 21:03:00,11.87,3.39,76.87,84,97,6.2
305,Mogadouro,PT,2020-08-27 21:03:00,41.34,-6.71,73.99,66,23,5.01
306,Masallatah,LY,2020-08-27 21:03:00,32.62,14.0,73.94,77,0,6.42
307,Key West,US,2020-08-27 20:58:34,24.56,-81.78,91.4,70,20,9.17
308,Plettenberg Bay,ZA,2020-08-27 21:00:22,-34.05,23.37,56.05,76,0,10.58
309,Bairiki,KI,2020-08-27 20:58:25,1.33,172.98,82.4,78,40,5.82
310,Vostok,RU,2020-08-27 21:03:00,46.49,135.88,61.54,100,100,5.5
311,Baturyn,UA,2020-08-27 21:03:00,51.35,32.88,57.72,95,28,8.1
312,Zaliznychne,UA,2020-08-27 21:03:00,45.75,28.61,70.52,45,66,7.87
313,Bathsheba,BB,2020-08-27 21:03:00,13.22,-59.52,87.8,70,40,18.34
314,Husavik,IS,2020-08-27 21:00:05,66.04,-17.34,51.8,62,75,18.34
315,Thompson,CA,2020-08-27 20:59:11,55.74,-97.86,59.0,87,75,12.75
316,Touros,BR,2020-08-27 21:03:01,-5.2,-35.46,78.8,57,19,14.99
317,Chumikan,RU,2020-08-27 20:58:54,54.72,135.31,51.93,84,60,6.64
318,Nanzhang,CN,2020-08-27 21:02:09,31.78,111.84,72.95,78,0,1.99
319,Tuburan,PH,2020-08-27 21:03:01,6.64,122.27,81.5,74,37,2.55
320,Marienburg,PL,2020-08-27 21:01:17,54.04,19.03,57.99,93,91,4.7
321,Inuvik,CA,2020-08-27 21:03:01,68.35,-133.72,42.8,47,90,8.05
322,Eenhana,NA,2020-08-27 21:03:01,-17.47,16.33,80.6,26,91,3.36
323,Katsuura,JP,2020-08-27 21:03:01,35.13,140.3,82.0,91,0,1.01
324,Somanda,TZ,2020-08-27 21:03:01,-3.37,33.95,72.93,41,64,6.53
325,Haines Junction,CA,2020-08-27 20:58:59,60.75,-137.51,55.09,50,100,5.19
326,Bronnoysund,NO,2020-08-27 21:03:01,65.46,12.2,50.0,81,77,2.24
327,Adrar,MR,2020-08-27 20:59:43,20.5,-10.07,97.43,26,30,6.62
328,Longyearbyen,SJ,2020-08-27 20:59:29,78.22,15.64,37.4,69,40,12.75
329,Angoche,MZ,2020-08-27 21:03:02,-16.23,39.91,73.71,88,0,6.91
330,Merauke,ID,2020-08-27 21:00:04,-8.47,140.33,76.21,83,20,15.32
331,Sauda,NO,2020-08-27 21:03:02,59.65,6.35,52.0,89,14,1.99
332,Portland,US,2020-08-27 21:02:55,45.52,-122.68,82.0,44,20,8.05
333,Bima,ID,2020-08-27 21:03:02,-8.47,118.72,72.28,86,2,3.58
334,Shakawe,BW,2020-08-27 21:02:05,-18.37,21.85,70.29,22,17,2.86
335,Butembo,CD,2020-08-27 21:03:02,0.15,29.28,57.49,98,7,1.25
336,Mitsamiouli,KM,2020-08-27 20:58:59,-11.38,43.28,75.96,77,22,2.26
337,Cayenne,GF,2020-08-27 20:59:59,4.93,-52.33,86.0,70,64,12.75
338,Seoul,KR,2020-08-27 21:03:02,37.57,126.98,78.8,94,90,4.7
339,Sao Filipe,CV,2020-08-27 21:03:02,14.9,-24.5,78.13,85,100,4.88
340,Xining,CN,2020-08-27 21:00:19,36.62,101.77,52.43,67,0,2.71
341,Lincoln,US,2020-08-27 20:59:02,40.8,-96.67,97.0,41,1,11.41
342,Vao,NC,2020-08-27 20:58:54,-22.67,167.48,67.44,71,81,18.9
343,Lorengau,PG,2020-08-27 21:03:03,-2.02,147.27,82.18,75,2,6.44
344,Kahului,US,2020-08-27 20:59:15,20.89,-156.47,87.8,48,40,14.99
345,Ipixuna,BR,2020-08-27 21:03:03,-1.76,-48.8,82.4,74,40,9.17
346,Samarai,PG,2020-08-27 21:03:03,-10.62,150.67,77.61,86,100,21.52
347,Matay,EG,2020-08-27 21:03:03,28.42,30.78,79.56,51,0,14.38
348,Dongsheng,CN,2020-08-27 21:03:03,39.82,109.98,60.84,75,92,2.42
349,Yar-Sale,RU,2020-08-27 21:03:03,66.83,70.83,55.81,77,60,6.22
350,Cristalina,BR,2020-08-27 21:00:32,-16.77,-47.61,70.34,28,0,5.93
351,Borogontsy,RU,2020-08-27 21:03:03,62.67,131.17,40.26,70,1,4.54
352,Scarborough,GB,2020-08-27 21:00:26,54.28,-0.4,54.0,95,100,6.71
353,Shu,KZ,2020-08-27 21:03:04,43.6,73.76,62.01,87,0,1.01
354,Aklavik,CA,2020-08-27 20:59:59,68.22,-135.01,41.0,80,90,8.05
355,Almenara,BR,2020-08-27 21:03:04,-16.18,-40.69,72.7,64,64,3.96
356,Rio Grande,BR,2020-08-27 21:03:04,-32.03,-52.1,59.0,100,90,4.7
357,Muros,ES,2020-08-27 20:58:55,42.78,-9.06,69.01,95,85,3.0
358,Alberton,CA,2020-08-27 21:03:04,46.82,-64.07,60.03,59,98,22.37
359,Micheweni,TZ,2020-08-27 21:03:04,-4.97,39.83,74.55,82,0,9.33
360,Vanimo,PG,2020-08-27 21:01:06,-2.67,141.3,78.1,86,22,5.35
361,Jardim,BR,2020-08-27 21:03:04,-21.48,-56.14,85.69,40,0,3.71
362,Port Antonio,JM,2020-08-27 21:03:04,18.18,-76.46,87.8,74,20,16.11
363,Fairbanks,US,2020-08-27 21:00:27,64.84,-147.72,61.0,67,40,4.25
364,Buta,CD,2020-08-27 21:03:05,2.79,24.73,72.0,81,74,1.83
365,Pretoria,ZA,2020-08-27 21:03:05,-25.74,28.19,64.0,67,0,3.36
366,Luderitz,NA,2020-08-27 21:03:05,-26.65,15.16,55.29,75,0,18.43
367,Qandala,SO,2020-08-27 20:59:47,11.47,49.87,89.19,53,83,0.69
368,Aitape,PG,2020-08-27 20:59:28,-3.14,142.35,78.13,83,2,5.3
369,Izhma,RU,2020-08-27 21:03:05,65.01,53.91,50.86,92,100,5.23
370,Kota,IN,2020-08-27 21:03:05,25.18,75.83,80.17,79,100,11.25
371,Ilo,PE,2020-08-27 21:03:05,-17.64,-71.34,63.97,74,18,11.54
372,Walvis Bay,NA,2020-08-27 21:00:27,-22.96,14.51,55.0,81,0,3.36
373,Olinda,BR,2020-08-27 21:00:01,-8.01,-34.86,78.8,61,31,13.87
374,Aksarka,RU,2020-08-27 21:00:35,66.56,67.8,53.06,87,13,6.53
375,Savannah Bight,HN,2020-08-27 21:03:06,16.45,-85.85,84.56,78,72,22.66
376,Bara,NG,2020-08-27 21:03:06,10.37,10.73,76.6,87,83,5.7
377,Tiksi,RU,2020-08-27 20:59:28,71.69,128.87,41.27,78,0,4.29
378,Saint-Pierre,RE,2020-08-27 21:03:06,-21.34,55.48,69.8,60,0,5.82
379,Kuching,MY,2020-08-27 21:03:06,1.55,110.33,73.4,100,20,2.93
380,Turkmenabat,TM,2020-08-27 21:03:07,39.07,63.58,73.4,46,0,9.17
381,Coihaique,CL,2020-08-27 21:03:07,-45.58,-72.07,37.4,86,90,8.05
382,San Carlos De Bariloche,AR,2020-08-27 21:01:55,-41.15,-71.31,42.8,70,40,23.04
383,Tarime,TZ,2020-08-27 21:00:44,-1.35,34.37,73.4,78,75,3.36
384,Soyo,AO,2020-08-27 21:03:07,-6.13,12.37,73.24,85,94,8.52
385,Ostrovnoy,RU,2020-08-27 21:03:07,68.05,39.51,46.9,80,100,28.16
386,Kalmunai,LK,2020-08-27 21:01:55,7.42,81.82,78.24,81,38,5.48
387,Poum,NC,2020-08-27 21:00:10,-20.23,164.02,68.5,80,95,12.48
388,Boa Vista,BR,2020-08-27 21:00:08,2.82,-60.67,93.2,46,40,2.24
389,Sinop,TR,2020-08-27 21:03:07,41.77,34.87,60.76,77,97,3.11
390,Mount Darwin,ZW,2020-08-27 21:03:07,-16.77,31.58,67.46,52,43,5.3
391,Brae,GB,2020-08-27 21:03:08,60.4,-1.35,50.0,93,0,9.17
392,Bonavista,CA,2020-08-27 20:59:57,48.65,-53.11,63.0,63,0,11.01
393,Seymchan,RU,2020-08-27 21:03:08,62.88,152.43,44.74,74,95,7.52
394,Ruteng,ID,2020-08-27 21:03:08,-8.61,120.47,59.76,91,13,1.48
395,Kishi,NG,2020-08-27 21:03:08,9.08,3.85,72.12,94,94,5.14
396,Sakakah,SA,2020-08-27 21:03:08,29.97,40.21,89.6,18,0,8.05
397,Adamovka,RU,2020-08-27 21:03:08,51.52,59.94,69.57,54,99,8.81
398,Quesnel,CA,2020-08-27 21:01:03,53.0,-122.5,64.4,52,1,3.36
399,Trinidad,BO,2020-08-27 21:00:24,-14.83,-64.9,95.0,47,0,9.17
400,Moron,AR,2020-08-27 20:59:41,-34.65,-58.62,64.99,56,5,4.0
401,Lavrentiya,RU,2020-08-27 21:03:08,65.58,-171.0,49.46,75,0,2.26
402,Voyvozh,RU,2020-08-27 21:03:09,62.89,54.96,50.07,98,43,7.23
403,San Juan,AR,2020-08-27 21:03:09,-31.54,-68.54,70.32,23,0,9.53
404,Saint-Doulchard,FR,2020-08-27 21:03:09,47.1,2.35,75.2,57,90,18.34
405,Springdale,US,2020-08-27 21:00:58,36.19,-94.13,84.2,74,20,4.7
406,Filotion,GR,2020-08-27 21:03:09,37.05,25.5,78.01,69,0,3.36
407,Rio Gallegos,AR,2020-08-27 21:01:24,-51.62,-69.22,32.0,67,20,8.05
408,Ziro,IN,2020-08-27 21:03:09,27.63,93.83,58.06,100,80,0.96
409,Ierissos,GR,2020-08-27 21:03:09,40.4,23.88,72.0,78,0,3.0
410,San Patricio,MX,2020-08-27 20:58:52,19.22,-104.7,77.0,100,90,17.22
411,Lakes Entrance,AU,2020-08-27 21:03:09,-37.88,147.98,46.0,83,35,15.46
412,Marsh Harbour,BS,2020-08-27 21:00:04,26.54,-77.06,84.96,75,85,12.21
413,Usinsk,RU,2020-08-27 21:03:09,65.99,57.53,54.14,94,100,7.16
414,Petropavlovskoye,RU,2020-08-27 21:03:10,52.07,84.11,55.35,81,99,4.63
415,Mishan,CN,2020-08-27 21:03:10,45.55,131.88,72.03,94,68,12.86
416,Tuatapere,NZ,2020-08-27 20:59:42,-46.13,167.68,45.0,72,65,11.01
417,Camacha,PT,2020-08-27 21:03:10,33.08,-16.33,71.6,83,40,5.82
418,Zhigansk,RU,2020-08-27 20:59:38,66.77,123.37,45.79,63,5,4.65
419,Calvinia,ZA,2020-08-27 21:03:10,-31.47,19.78,42.58,86,55,7.47
420,Milkovo,RU,2020-08-27 21:03:10,54.72,158.62,45.46,95,100,8.3
421,Jacareacanga,BR,2020-08-27 21:03:10,-6.22,-57.75,90.03,45,64,4.43
422,Egvekinot,RU,2020-08-27 20:58:44,66.32,-179.17,45.79,81,99,7.87
423,Asenovgrad,BG,2020-08-27 21:00:12,42.02,24.87,75.2,41,59,8.05
424,Karratha,AU,2020-08-27 20:59:27,-20.74,116.85,74.1,41,0,6.6
425,Ilebo,CD,2020-08-27 21:03:10,-4.32,20.58,71.26,84,97,1.39
426,Morar,IN,2020-08-27 21:03:11,26.23,78.23,80.87,82,95,2.15
427,Nantucket,US,2020-08-27 21:02:24,41.28,-70.1,68.0,72,75,8.05
428,Kaeo,NZ,2020-08-27 21:03:11,-35.1,173.78,50.0,3,0,4.0
429,Trincomalee,LK,2020-08-27 21:03:11,8.57,81.23,79.86,79,83,15.1
430,Malhargarh,IN,2020-08-27 21:03:11,24.28,74.98,74.84,90,99,13.27
431,Wattegama,LK,2020-08-27 21:03:11,6.8,81.48,75.81,78,92,3.27
432,Amalner,IN,2020-08-27 21:03:11,21.05,75.07,76.35,87,100,5.06
433,Lompoc,US,2020-08-27 20:59:25,34.64,-120.46,66.99,68,1,13.87
434,Hambantota,LK,2020-08-27 20:59:01,6.12,81.12,79.7,79,51,15.03
435,Kashary,RU,2020-08-27 21:03:11,49.04,41.01,71.51,46,99,2.37
436,Hamilton,US,2020-08-27 20:59:18,39.18,-84.53,82.99,74,20,5.82
437,Garowe,SO,2020-08-27 21:03:12,8.41,48.48,77.72,56,86,22.62
438,Mehran,IR,2020-08-27 21:03:12,33.12,46.16,68.0,13,0,2.24
439,Kidodi,TZ,2020-08-27 21:03:12,-7.6,37.0,71.49,73,58,0.83
440,Den Helder,NL,2020-08-27 21:03:12,52.96,4.76,63.0,88,90,10.29
441,Katete,UG,2020-08-27 21:03:12,-0.78,29.75,63.88,88,5,1.79
442,Iisalmi,FI,2020-08-27 21:03:12,63.56,27.19,53.6,76,0,8.05
443,Shipunovo,RU,2020-08-27 21:03:12,52.16,82.22,56.19,91,99,6.93
444,Zhob,PK,2020-08-27 21:03:12,31.34,69.45,75.02,68,0,3.74
445,Paraibano,BR,2020-08-27 21:03:12,-6.43,-43.98,85.21,33,18,3.27
446,Black River,JM,2020-08-27 20:59:05,18.03,-77.85,91.99,79,20,16.11
447,Yambio,SS,2020-08-27 21:03:12,4.57,28.4,68.56,94,5,2.84
448,Smithers,CA,2020-08-27 21:03:12,54.78,-127.17,53.6,76,75,2.35
449,Nouakchott,MR,2020-08-27 20:58:46,18.09,-15.98,86.0,74,20,12.75
450,Neuquen,AR,2020-08-27 21:03:13,-38.95,-68.06,66.2,12,97,12.75
451,San Quintin,MX,2020-08-27 21:03:13,30.48,-115.95,80.08,59,6,9.53
452,Phan Thiet,VN,2020-08-27 21:03:13,10.93,108.1,78.75,85,100,9.51
453,Salani,IN,2020-08-27 21:03:13,29.96,79.71,68.02,83,79,0.56
454,Tessalit,ML,2020-08-27 21:00:13,20.2,1.01,91.2,33,17,18.1
455,Tallahassee,US,2020-08-27 20:58:20,30.44,-84.28,93.0,55,75,9.17
456,Port Hawkesbury,CA,2020-08-27 21:03:13,45.62,-61.35,63.0,59,75,13.87
457,Forbes,AU,2020-08-27 21:03:13,-33.38,148.02,41.0,73,0,4.68
458,Baoding,CN,2020-08-27 21:03:13,38.85,115.49,67.24,87,0,3.96
459,San Pedro De Ycuamandiyu,PY,2020-08-27 21:03:13,-24.09,-57.08,88.56,41,0,5.53
460,Grootfontein,NA,2020-08-27 21:00:26,-19.57,18.12,69.71,31,77,12.55
461,Ipoti,NG,2020-08-27 21:03:13,7.87,5.08,69.39,99,91,6.6
462,Wladyslawowo,PL,2020-08-27 21:03:14,54.79,18.4,57.99,93,49,4.7
463,Solnechnyy,RU,2020-08-27 21:03:14,50.72,136.63,57.02,89,100,5.41
464,Cervo,ES,2020-08-27 21:03:14,43.67,-7.41,69.01,1,88,13.02
465,Florianopolis,BR,2020-08-27 21:03:14,-27.61,-48.5,73.99,64,0,17.22
466,Ndola,ZM,2020-08-27 21:03:14,-12.96,28.64,71.56,36,96,5.12
467,Bereda,ES,2020-08-27 20:58:46,43.27,-7.54,70.0,93,30,2.35
468,Yarim,YE,2020-08-27 21:03:14,14.3,44.38,60.55,75,0,1.32
469,Polson,US,2020-08-27 21:03:14,47.69,-114.16,88.0,19,0,1.01
470,Altamira,BR,2020-08-27 20:59:54,-3.2,-52.21,87.8,62,20,6.93
471,Okha,RU,2020-08-27 21:03:14,53.57,142.95,52.9,93,100,8.32
472,Miguel Hidalgo,MX,2020-08-27 21:02:39,19.42,-99.2,71.6,49,75,9.17
473,Ransang,PH,2020-08-27 21:03:14,8.96,117.58,79.27,79,100,2.53
474,Trelleborg,SE,2020-08-27 21:03:15,55.38,13.16,55.99,93,100,3.36
475,Atar,MR,2020-08-27 21:02:07,20.52,-13.05,102.22,21,50,8.3
476,Beira,MZ,2020-08-27 21:03:15,-19.84,34.84,71.6,88,20,8.05
477,Deputatskiy,RU,2020-08-27 21:03:15,69.3,139.9,35.62,84,0,1.83
478,Coahuayana,MX,2020-08-27 21:03:15,18.73,-103.68,71.6,83,90,8.7
479,Moose Factory,CA,2020-08-27 21:03:15,51.26,-80.61,55.4,76,90,9.17
480,Ketou,BJ,2020-08-27 21:03:15,7.36,2.6,72.86,90,100,6.17
481,Tara,RU,2020-08-27 21:03:15,56.89,74.37,51.26,93,0,3.49
482,Te Anau,NZ,2020-08-27 21:03:15,-45.42,167.72,42.03,89,98,7.76
483,Kankakee,US,2020-08-27 21:03:15,41.15,-87.87,91.99,52,1,19.46
484,Neyshabur,IR,2020-08-27 21:03:15,36.21,58.8,59.74,35,0,2.24
485,Ambon,ID,2020-08-27 21:00:30,-3.7,128.18,78.3,84,73,17.11
486,Carver,US,2020-08-27 21:03:15,44.8,-93.78,86.0,56,0,3.0
487,Severo-Kurilsk,RU,2020-08-27 20:59:00,50.68,156.12,51.76,86,100,12.68
488,Sawtell,AU,2020-08-27 21:03:16,-30.38,153.1,48.99,93,0,5.03
489,Rosarito,MX,2020-08-27 21:03:16,32.33,-117.03,84.2,61,20,13.87
490,Gamba,GA,2020-08-27 21:03:16,-2.65,10.0,74.86,87,100,9.44
491,Reconquista,AR,2020-08-27 20:59:06,-29.15,-59.65,73.99,72,77,11.3
492,Fereydunshahr,IR,2020-08-27 21:03:16,32.94,50.12,52.52,44,20,5.19
493,Shiraz,IR,2020-08-27 21:03:16,29.6,52.54,73.4,27,20,2.77
494,Floriano,BR,2020-08-27 21:03:16,-6.77,-43.02,86.31,29,13,2.59
495,Spijkenisse,NL,2020-08-27 21:03:16,51.84,4.33,61.0,87,75,9.17
496,Gold Coast,AU,2020-08-27 20:59:49,-28.0,153.43,51.8,87,0,6.93
497,Antalaha,MG,2020-08-27 21:03:16,-14.9,50.28,68.41,78,22,5.95
498,Turukhansk,RU,2020-08-27 20:59:28,65.82,87.98,51.03,88,49,6.24
499,Artsyz,UA,2020-08-27 21:03:17,45.99,29.42,68.9,53,34,4.68
500,Camargo,MX,2020-08-27 21:02:32,27.67,-105.17,91.44,21,9,2.66
501,Chum Phae,TH,2020-08-27 21:03:17,16.54,102.1,73.29,84,30,3.47
502,Turochak,RU,2020-08-27 21:03:17,52.26,87.12,53.71,89,100,1.99
503,Kamloops,CA,2020-08-27 21:00:39,50.67,-120.32,77.0,31,20,3.36
504,Livno,BA,2020-08-27 21:03:17,43.83,17.01,73.99,73,0,4.0
505,Mursalimkino,RU,2020-08-27 21:03:17,55.04,58.56,58.24,82,43,5.28
506,Tuy Hoa,VN,2020-08-27 21:03:17,13.08,109.3,79.81,73,100,6.58
507,Siimusti,EE,2020-08-27 21:03:17,58.73,26.34,52.0,93,99,4.7
508,Ossora,RU,2020-08-27 21:03:17,59.24,163.07,48.94,82,99,11.39
509,Snezhnogorsk,RU,2020-08-27 21:03:17,69.19,33.25,42.8,87,40,6.71
510,Mount Gambier,AU,2020-08-27 20:59:30,-37.83,140.77,37.4,93,0,4.7
511,Chongoyape,PE,2020-08-27 21:03:17,-6.64,-79.39,82.09,38,7,9.73
512,Cockburn Town,TC,2020-08-27 21:01:03,21.46,-71.14,83.07,79,3,15.97
513,Cotonou,BJ,2020-08-27 21:03:18,6.37,2.42,78.8,83,20,11.41
514,Koumac,NC,2020-08-27 21:03:18,-20.57,164.28,67.8,75,68,5.06
515,Russell,US,2020-08-27 21:01:10,32.35,-85.2,93.2,52,40,10.29
516,Moa,CU,2020-08-27 21:03:18,20.66,-74.94,86.54,71,7,12.39
517,Anakapalle,IN,2020-08-27 21:03:18,17.68,83.02,80.6,88,75,3.36
518,Pacific Grove,US,2020-08-27 21:03:18,36.62,-121.92,66.99,63,90,4.7
519,Verkhnevilyuysk,RU,2020-08-27 21:00:36,63.45,120.32,42.67,64,8,2.15
520,Altay,CN,2020-08-27 21:00:33,47.87,88.12,55.44,46,100,1.01
521,Shaunavon,CA,2020-08-27 21:03:18,49.65,-108.42,81.16,24,19,11.21
522,Gravelbourg,CA,2020-08-27 21:03:18,49.88,-106.55,83.28,23,70,11.36
523,Nema,RU,2020-08-27 21:03:18,57.51,50.5,57.13,93,100,3.4
524,Fuyu,CN,2020-08-27 21:03:18,45.18,124.82,65.93,96,100,7.34
525,Wilkes-Barre,US,2020-08-27 21:03:18,41.25,-75.88,93.2,38,20,16.11
526,Pinawa,CA,2020-08-27 21:03:19,50.15,-95.88,79.99,35,58,1.34
527,Ixtapa,MX,2020-08-27 21:03:19,20.7,-105.2,86.0,74,90,3.36
528,Pisco,PE,2020-08-27 21:03:19,-13.7,-76.22,66.99,72,4,13.87
529,Kendari,ID,2020-08-27 21:03:19,-3.94,122.5,72.43,91,33,2.89
530,Deli Tua,ID,2020-08-27 21:03:19,3.51,98.68,73.15,93,83,2.51
531,Yanagawa,JP,2020-08-27 21:03:19,33.17,130.4,77.0,64,70,3.8
532,Kuala Terengganu,MY,2020-08-27 20:59:00,5.33,103.14,77.0,88,20,4.7
533,Aksu,CN,2020-08-27 21:03:19,41.12,80.26,71.06,38,100,2.64
534,Talnakh,RU,2020-08-27 21:03:19,69.49,88.4,53.6,87,9,6.71
535,Zaranj,AF,2020-08-27 21:02:21,30.97,61.88,78.8,24,0,20.8
536,Provost,CA,2020-08-27 21:03:19,52.35,-110.27,59.45,62,100,2.66
537,Roald,NO,2020-08-27 21:00:29,62.58,6.13,54.0,81,77,13.87
538,Hami,CN,2020-08-27 21:03:20,42.8,93.45,72.5,21,66,14.23
539,Kieta,PG,2020-08-27 21:03:20,-6.22,155.63,76.06,88,100,2.73
540,Ipanema,BR,2020-08-27 21:03:20,-30.14,-51.22,73.4,69,35,10.29
541,Evanton,GB,2020-08-27 21:03:20,57.66,-4.34,55.0,87,100,8.05
542,Shangqiu,CN,2020-08-27 21:03:20,34.45,115.65,68.58,92,0,3.4
543,Coolum Beach,AU,2020-08-27 21:03:20,-26.53,153.1,50.0,96,0,4.36
544,Ganzhou,CN,2020-08-27 21:03:20,28.82,115.43,73.58,81,0,3.42
545,Tyup,KG,2020-08-27 21:03:20,42.73,78.36,48.33,76,93,3.49
546,Tutoia,BR,2020-08-27 21:03:20,-2.76,-42.27,79.75,79,1,11.88
547,Novokuznetsk,RU,2020-08-27 21:03:20,53.76,87.11,54.1,85,100,4.07
548,Goure,NE,2020-08-27 21:03:20,13.98,10.27,81.32,62,38,6.85
549,Barabai,ID,2020-08-27 21:03:20,-2.58,115.38,73.0,84,99,1.43
550,Muroto,JP,2020-08-27 21:03:20,33.28,134.15,81.43,74,0,3.04
551,Mayor Pablo Lagerenza,PY,2020-08-27 21:03:20,-19.93,-60.77,97.32,22,0,7.27
552,Motygino,RU,2020-08-27 21:00:16,58.18,94.76,53.69,89,99,1.41
553,Elk City,US,2020-08-27 21:00:11,35.41,-99.4,93.2,38,1,12.75
554,Gannan,CN,2020-08-27 21:03:21,47.91,123.5,58.05,75,100,15.48
555,Stege,DK,2020-08-27 21:03:21,54.99,12.28,61.0,1,100,3.13
556,Nagato,JP,2020-08-27 21:03:21,34.38,131.2,80.6,83,75,6.93
557,Kisangani,CD,2020-08-27 21:03:21,0.52,25.2,71.28,95,7,1.39
558,Corowa,AU,2020-08-27 21:03:21,-36.03,146.38,36.0,90,1,5.08
559,Bo Phloi,TH,2020-08-27 21:03:21,14.32,99.52,78.78,77,100,6.91
560,Tiznit,MA,2020-08-27 20:59:10,29.58,-9.5,92.64,17,0,6.69
561,Sibu,MY,2020-08-27 21:00:07,2.3,111.82,73.4,100,40,2.24
562,Harper,LR,2020-08-27 21:00:08,4.38,-7.72,75.88,84,87,8.81
563,Olpad,IN,2020-08-27 21:03:22,21.33,72.75,78.98,88,100,9.15
564,Petropavlovsk-Kamchatskiy,RU,2020-08-27 21:02:51,53.05,158.65,51.8,100,90,8.95
565,Puro,PH,2020-08-27 21:03:22,12.48,123.38,81.7,78,100,5.41
566,Anadyr,RU,2020-08-27 20:59:45,64.75,177.48,50.0,87,20,7.31
567,Berezovyy,RU,2020-08-27 21:03:22,51.67,135.7,55.51,86,100,3.96
568,North Bend,US,2020-08-27 21:03:22,43.41,-124.22,80.01,77,1,23.04
569,Tilichiki,RU,2020-08-27 21:03:22,60.47,166.1,48.69,69,100,9.66
570,Uyuni,BO,2020-08-27 21:03:22,-20.46,-66.83,58.41,30,0,14.05
571,Luebo,CD,2020-08-27 21:03:22,-5.35,21.42,67.82,89,100,2.35
572,Beberibe,BR,2020-08-27 21:03:22,-4.18,-38.13,82.4,69,0,16.11
573,Goderich,CA,2020-08-27 20:59:30,43.75,-81.72,73.99,83,50,7.27
